2021-07-21_003,10,11,12,13,15,16,18,19,22,26,28,29,33,35,36,38,39,40,41,42,43,44,45,,,,,,
2021-07-21_005,5,6,10,12,13,16,18,19,22,26,28,29,39,42,45,,,,,,,,,,,,,,
2021-07-22_002,5,6,10,12,13,15,16,17,18,19,22,28,40,41,42,45,46,,,,,,,,,,,,
2021-07-22_004,,,,,,,,,,,,,,,,,,,,,,,,,,,,,
2021-07-23_003,14,16,17,18,19,21,23,28,35,39,41,44,,,,,,,,,,,,,,,,,
2021-07-23_005,3,5,6,7,8,10,11,12,13,14,15,16,17,18,19,21,22,23,26,27,28,35,41,42,,,,,
2021-07-24_002,2,3,5,6,7,8,9,10,11,12,13,14,16,17,18,19,21,22,23,41,42,,,,,,,,
2021-07-24_004,3,5,23,26,27,28,30,33,35,41,42,,,,,,,,,,,,,,,,,,
2021-07-26_002,5,41,42,,,,,,,,,,,,,,,,,,,,,,,,,,
2021-07-26_004,5,33,35,41,42,,,,,,,,,,,,,,,,,,,,,,,,
2021-07-26_006,5,41,42,,,,,,,,,,,,,,,,,,,,,,,,,,
2021-07-26_008,3,5,41,43,,,,,,,,,,,,,,,,,,,,,,,,,
2021-07-27_002,3,5,6,7,18,29,33,34,37,38,39,40,41,42,44,,,,,,,,,,,,,,
2021-07-27_004,5,6,12,18,33,35,36,40,41,42,44,,,,,,,,,,,,,,,,,,
2021-07-27_006,3,5,41,42,,,,,,,,,,,,,,,,,,,,,,,,,
2021-07-27_008,5,7,41,,,,,,,,,,,,,,,,,,,,,,,,,,
2021-07-28_002,5,7,12,13,35,41,42,,,,,,,,,,,,,,,,,,,,,,
2021-07-28_004,2,3,5,6,7,9,18,20,21,23,41,,,,,,,,,,,,,,,,,,
2021-07-28_006,2,3,5,6,7,10,11,12,18,23,41,42,,,,,,,,,,,,,,,,,
2021-07-29_002,4,5,7,41,,,,,,,,,,,,,,,,,,,,,,,,,
2021-07-29_004,5,20,33,34,35,41,42,,,,,,,,,,,,,,,,,,,,,,
2021-08-05_003,8,12,18,19,20,22,24,26,35,36,39,41,42,45,,,,,,,,,,,,,,,
2021-08-05_005,10,11,12,13,14,16,17,18,19,20,21,22,35,40,41,,,,,,,,,,,,,,
2021-08-05_007,10,18,19,41,,,,,,,,,,,,,,,,,,,,,,,,,
2021-08-06_002,10,12,16,18,28,33,35,41,44,,,,,,,,,,,,,,,,,,,,
2021-08-06_004,6,10,13,18,19,23,,,,,,,,,,,,,,,,,,,,,,,
2021-08-07_002,18,19,27,,,,,,,,,,,,,,,,,,,,,,,,,,
2021-08-07_004,4,6,7,8,10,11,12,13,15,16,17,18,19,21,22,23,24,27,30,32,40,41,42,43,44,45,46,,
2021-08-07_006,10,18,19,33,35,40,41,43,44,46,,,,,,,,,,,,,,,,,,,
2021-08-07_008,5,7,9,10,12,18,19,32,41,43,,,,,,,,,,,,,,,,,,,
2021-08-08_002,8,12,18,19,21,44,,,,,,,,,,,,,,,,,,,,,,,
2021-08-08_004,12,18,19,31,,,,,,,,,,,,,,,,,,,,,,,,,
2021-08-08_006,12,18,19,21,22,23,28,30,31,35,40,41,42,43,44,45,46,,,,,,,,,,,,
2021-08-08_008,8,9,12,18,19,35,41,,,,,,,,,,,,,,,,,,,,,,
2021-08-08_011,2,3,5,6,8,10,11,12,13,14,15,16,17,18,19,20,21,22,23,41,,,,,,,,,
2021-08-08_012,1,2,8,10,11,12,13,16,17,18,19,22,23,25,27,28,33,35,36,39,41,42,43,45,,,,,
2021-08-09_002,16,18,19,30,44,,,,,,,,,,,,,,,,,,,,,,,,
2021-08-09_005,9,12,18,19,30,43,46,,,,,,,,,,,,,,,,,,,,,,
2021-08-09_008,2,3,5,6,7,8,10,11,12,13,16,17,18,19,21,22,23,,,,,,,,,,,,
2021-08-09_010,18,22,27,,,,,,,,,,,,,,,,,,,,,,,,,,
2021-08-09_012,9,12,18,19,20,35,36,41,42,,,,,,,,,,,,,,,,,,,,
2021-08-10_002,28,35,40,42,44,45,46,,,,,,,,,,,,,,,,,,,,,,
2021-08-10_004,16,17,18,19,27,,,,,,,,,,,,,,,,,,,,,,,,
2021-08-10_006,18,21,44,,,,,,,,,,,,,,,,,,,,,,,,,,
2021-08-10_009,5,10,17,18,19,20,21,23,,,,,,,,,,,,,,,,,,,,,
2021-08-10_012,5,6,10,11,12,16,17,18,19,22,28,35,40,41,43,44,46,,,,,,,,,,,,
2021-08-10_016,2,4,7,8,9,10,12,14,17,18,19,21,28,30,32,34,40,43,44,45,46,,,,,,,,
2021-08-12_002,18,20,43,,,,,,,,,,,,,,,,,,,,,,,,,,
2021-08-12_005,7,10,12,15,16,18,19,26,28,35,41,44,45,46,,,,,,,,,,,,,,,
2021-08-12_008,16,18,41,,,,,,,,,,,,,,,,,,,,,,,,,,
2021-08-12_011,15,16,17,18,19,21,23,27,29,30,31,34,37,,,,,,,,,,,,,,,,
2021-08-12_014,1,5,6,8,10,12,16,17,18,19,21,22,23,27,28,33,35,43,,,,,,,,,,,
2021-08-13_002,,,,,,,,,,,,,,,,,,,,,,,,,,,,,
2021-08-13_005,4,6,8,9,10,18,20,21,35,43,44,46,,,,,,,,,,,,,,,,,
2021-08-13_008,23,27,,,,,,,,,,,,,,,,,,,,,,,,,,,
2021-08-13_011,8,,,,,,,,,,,,,,,,,,,,,,,,,,,,
2021-08-14_002,4,27,30,31,32,,,,,,,,,,,,,,,,,,,,,,,,
2021-08-14_007,10,12,18,35,41,42,,,,,,,,,,,,,,,,,,,,,,,
2021-08-14_010,4,5,6,7,8,10,11,12,13,15,16,17,18,19,20,21,22,23,28,33,35,38,40,41,42,43,44,45,46
2021-08-14_013,19,35,39,40,43,44,45,46,,,,,,,,,,,,,,,,,,,,,
2021-08-15_003,,,,,,,,,,,,,,,,,,,,,,,,,,,,,
2021-08-15_006,17,20,21,23,,,,,,,,,,,,,,,,,,,,,,,,,
2021-08-15_009,7,10,11,12,16,18,19,20,28,33,35,36,39,41,42,45,46,,,,,,,,,,,,
2021-08-16_002,45,46,,,,,,,,,,,,,,,,,,,,,,,,,,,
2021-08-16_005,7,8,9,10,13,15,16,17,20,21,22,27,43,46,,,,,,,,,,,,,,,
2021-08-16_008,24,26,40,42,45,46,,,,,,,,,,,,,,,,,,,,,,,
2021-08-16_011,5,10,,,,,,,,,,,,,,,,,,,,,,,,,,,
2021-10-10_003,15,16,17,21,23,28,32,36,42,43,45,,,,,,,,,,,,,,,,,,
2021-10-10_006,7,8,10,11,12,13,14,15,16,17,18,19,21,22,44,,,,,,,,,,,,,,
2021-10-10_009,6,14,15,16,17,,,,,,,,,,,,,,,,,,,,,,,,
2021-10-10_012,16,17,41,45,,,,,,,,,,,,,,,,,,,,,,,,,
2021-10-12_003,8,19,40,,,,,,,,,,,,,,,,,,,,,,,,,,
2021-10-12_006,4,9,15,17,20,21,23,30,38,40,43,44,,,,,,,,,,,,,,,,,
2021-10-13_002,9,17,40,,,,,,,,,,,,,,,,,,,,,,,,,,
2021-10-13_005,4,7,20,30,31,32,33,35,37,38,39,40,41,44,,,,,,,,,,,,,,,
2021-10-14_002,3,10,12,13,16,18,19,22,29,31,33,34,35,36,37,38,39,40,41,42,45,46,,,,,,,
2021-10-14_006,20,35,41,,,,,,,,,,,,,,,,,,,,,,,,,,
2021-10-19_004,7,8,10,11,12,13,17,18,19,20,21,23,31,32,43,,,,,,,,,,,,,,
2021-10-20_002,10,11,12,13,15,16,17,18,19,21,22,23,40,44,,,,,,,,,,,,,,,
2021-10-21_002,10,17,20,,,,,,,,,,,,,,,,,,,,,,,,,,
2021-10-21_005,7,8,9,15,17,20,21,23,40,43,44,45,46,,,,,,,,,,,,,,,,
2021-10-23_002,18,,,,,,,,,,,,,,,,,,,,,,,,,,,,
2021-10-23_005,7,9,31,32,34,35,40,41,43,44,45,46,,,,,,,,,,,,,,,,,
2021-10-23_008,35,41,,,,,,,,,,,,,,,,,,,,,,,,,,,
2021-10-23_011,10,15,34,39,40,42,46,,,,,,,,,,,,,,,,,,,,,,
2021-10-24_002,28,29,33,34,35,38,40,41,42,44,46,,,,,,,,,,,,,,,,,,
2021-10-24_005,11,12,17,19,23,30,,,,,,,,,,,,,,,,,,,,,,,
2021-10-30_002,5,6,7,8,10,11,12,13,14,15,16,17,18,19,21,22,23,,,,,,,,,,,,
2021-10-30_005,15,20,21,30,33,35,38,39,40,41,42,44,45,46,,,,,,,,,,,,,,,
2021-10-30_008,1,5,10,20,21,40,44,46,,,,,,,,,,,,,,,,,,,,,
2021-10-30_011,5,7,8,9,10,15,17,20,21,23,32,38,40,43,44,,,,,,,,,,,,,,
2021-10-31_002,8,10,11,14,16,17,20,21,22,23,30,31,32,38,40,44,45,46,,,,,,,,,,,
2021-10-31_005,11,12,15,16,18,19,22,23,25,41,42,44,46,,,,,,,,,,,,,,,,
2021-10-31_008,10,22,23,41,42,46,,,,,,,,,,,,,,,,,,,,,,,
